Workbook
Name CalendarYear: January!$AH$4
Name ColumnTitle13: EmployeeName[[#Headers],[Employee Names]]
Name Employee_Absence_Title: January!$B$1
Name Key_name: January!$B$2
Name KeyCustom1: January!$N$2
Name KeyCustom1Label: January!$O$2
Name KeyCustom2: January!$R$2
Name KeyCustom2Label: January!$S$2
Name KeyPersonal: January!$G$2
Name KeyPersonalLabel: January!$H$2
Name KeySick: January!$K$2
Name KeySickLabel: January!$L$2
Name KeyVacation: January!$C$2
Name KeyVacationLabel: January!$D$2
Name MonthName: April!$B$4
Name MonthName: August!$B$4
Name MonthName: December!$B$4
Name MonthName: February!$B$4
Name MonthName: January!$B$4
Name MonthName: July!$B$4
Name MonthName: June!$B$4
Name MonthName: March!$B$4
Name MonthName: May!$B$4
Name MonthName: November!$B$4
Name MonthName: October!$B$4
Name MonthName: September!$B$4
Name Title1: January[[#Headers],[Employee Name]]
Name Title10: October[[#Headers],[Employee Name]]
Name Title11: November[[#Headers],[Employee Name]]
Name Title12: December[[#Headers],[Employee Name]]
Name Title2: February[[#Headers],[Employee Name]]
Name Title3: March[[#Headers],[Employee Name]]
Name Title4: April[[#Headers],[Employee Name]]
Name Title5: May[[#Headers],[Employee Name]]
Name Title6: June[[#Headers],[Employee Name]]
Name Title7: July[[#Headers],[Employee Name]]
Name Title8: August[[#Headers],[Employee Name]]
Name Title9: September[[#Headers],[Employee Name]]

Sheet January
B1: Employee Absence Schedule
B2: Absence Type Key | C2: V | D2: Vacation | G2: P | H2: Personal | K2: S | L2: Sick | O2: Custom 1 | S2: Custom 2
AH3: Enter year:
B4: January | C4: Dates of Absence | AH4: 2016
C5: =TEXT(WEEKDAY(DATE(CalendarYear,1,1),1),"aaa") -> Fri | D5: =TEXT(WEEKDAY(DATE(CalendarYear,1,2),1),"aaa") -> Sat | E5: =TEXT(WEEKDAY(DATE(CalendarYear,1,3),1),"aaa") -> Sun | F5: =TEXT(WEEKDAY(DATE(CalendarYear,1,4),1),"aaa") -> Mon | G5: =TEXT(WEEKDAY(DATE(CalendarYear,1,5),1),"aaa") -> Tue | H5: =TEXT(WEEKDAY(DATE(CalendarYear,1,6),1),"aaa") -> Wed | I5: =TEXT(WEEKDAY(DATE(CalendarYear,1,7),1),"aaa") -> Thu | J5: =TEXT(WEEKDAY(DATE(CalendarYear,1,8),1),"aaa") -> Fri | K5: =TEXT(WEEKDAY(DATE(CalendarYear,1,9),1),"aaa") -> Sat | L5: =TEXT(WEEKDAY(DATE(CalendarYear,1,10),1),"aaa") -> Sun | M5: =TEXT(WEEKDAY(DATE(CalendarYear,1,11),1),"aaa") -> Mon | N5: =TEXT(WEEKDAY(DATE(CalendarYear,1,12),1),"aaa") -> Tue | O5: =TEXT(WEEKDAY(DATE(CalendarYear,1,13),1),"aaa") -> Wed | P5: =TEXT(WEEKDAY(DATE(CalendarYear,1,14),1),"aaa") -> Thu | Q5: =TEXT(WEEKDAY(DATE(CalendarYear,1,15),1),"aaa") -> Fri | R5: =TEXT(WEEKDAY(DATE(CalendarYear,1,16),1),"aaa") -> Sat | S5: =TEXT(WEEKDAY(DATE(CalendarYear,1,17),1),"aaa") -> Sun | T5: =TEXT(WEEKDAY(DATE(CalendarYear,1,18),1),"aaa") -> Mon | U5: =TEXT(WEEKDAY(DATE(CalendarYear,1,19),1),"aaa") -> Tue | V5: =TEXT(WEEKDAY(DATE(CalendarYear,1,20),1),"aaa") -> Wed | W5: =TEXT(WEEKDAY(DATE(CalendarYear,1,21),1),"aaa") -> Thu | X5: =TEXT(WEEKDAY(DATE(CalendarYear,1,22),1),"aaa") -> Fri | Y5: =TEXT(WEEKDAY(DATE(CalendarYear,1,23),1),"aaa") -> Sat | Z5: =TEXT(WEEKDAY(DATE(CalendarYear,1,24),1),"aaa") -> Sun | AA5: =TEXT(WEEKDAY(DATE(CalendarYear,1,25),1),"aaa") -> Mon | AB5: =TEXT(WEEKDAY(DATE(CalendarYear,1,26),1),"aaa") -> Tue | AC5: =TEXT(WEEKDAY(DATE(CalendarYear,1,27),1),"aaa") -> Wed | AD5: =TEXT(WEEKDAY(DATE(CalendarYear,1,28),1),"aaa") -> Thu | AE5: =TEXT(WEEKDAY(DATE(CalendarYear,1,29),1),"aaa") -> Fri | AF5: =TEXT(WEEKDAY(DATE(CalendarYear,1,30),1),"aaa") -> Sat | AG5: =TEXT(WEEKDAY(DATE(CalendarYear,1,31),1),"aaa") -> Sun
B6: Employee Name | C6: 1 | D6: 2 | E6: 3 | F6: 4 | G6: 5 | H6: 6 | I6: 7 | J6: 8 | K6: 9 | L6: 10 | M6: 11 | N6: 12 | O6: 13 | P6: 14 | Q6: 15 | R6: 16 | S6: 17 | T6: 18 | U6: 19 | V6: 20 | W6: 21 | X6: 22 | Y6: 23 | Z6: 24 | AA6: 25 | AB6: 26 | AC6: 27 | AD6: 28 | AE6: 29 | AF6: 30 | AG6: 31 | AH6: Total Days
B7: Employee 1 | E7: V | F7: V | G7: V | H7: V | O7: V | AH7: =COUNTA(January!$C7:$AG7) -> 5
B8: Employee 2 | G8: S | H8: S | M8: P | V8: S | AA8: V | AB8: V | AC8: V | AH8: =COUNTA(January!$C8:$AG8) -> 7
B9: Employee 3 | E9: P | P9: S | AE9: S | AH9: =COUNTA(January!$C9:$AG9) -> 3
B10: Employee 4 | I10: P | U10: V | V10: V | W10: V | AH10: =COUNTA(January!$C10:$AG10) -> 4
B11: Employee 5 | F11: S | G11: V | H11: V | S11: S | Z11: p | AG11: V | AH11: =COUNTA(January!$C11:$AG11) -> 6
B12: =MonthName&" Total" -> January Total | C12: =SUBTOTAL(103,January!$C$7:$C$11) -> 0 | D12: =SUBTOTAL(103,January!$D$7:$D$11) -> 0 | E12: =SUBTOTAL(103,January!$E$7:$E$11) -> 2 | F12: =SUBTOTAL(103,January!$F$7:$F$11) -> 2 | G12: =SUBTOTAL(103,January!$G$7:$G$11) -> 3 | H12: =SUBTOTAL(103,January!$H$7:$H$11) -> 3 | I12: =SUBTOTAL(103,January!$I$7:$I$11) -> 1 | J12: =SUBTOTAL(103,January!$J$7:$J$11) -> 0 | K12: =SUBTOTAL(103,January!$K$7:$K$11) -> 0 | L12: =SUBTOTAL(103,January!$L$7:$L$11) -> 0 | M12: =SUBTOTAL(103,January!$M$7:$M$11) -> 1 | N12: =SUBTOTAL(103,January!$N$7:$N$11) -> 0 | O12: =SUBTOTAL(103,January!$O$7:$O$11) -> 1 | P12: =SUBTOTAL(103,January!$P$7:$P$11) -> 1 | Q12: =SUBTOTAL(103,January!$Q$7:$Q$11) -> 0 | R12: =SUBTOTAL(103,January!$R$7:$R$11) -> 0 | S12: =SUBTOTAL(103,January!$S$7:$S$11) -> 1 | T12: =SUBTOTAL(103,January!$T$7:$T$11) -> 0 | U12: =SUBTOTAL(103,January!$U$7:$U$11) -> 1 | V12: =SUBTOTAL(103,January!$V$7:$V$11) -> 2 | W12: =SUBTOTAL(103,January!$W$7:$W$11) -> 1 | X12: =SUBTOTAL(103,January!$X$7:$X$11) -> 0 | Y12: =SUBTOTAL(103,January!$Y$7:$Y$11) -> 0 | Z12: =SUBTOTAL(103,January!$Z$7:$Z$11) -> 1 | AA12: =SUBTOTAL(103,January!$AA$7:$AA$11) -> 1 | AB12: =SUBTOTAL(103,January!$AB$7:$AB$11) -> 1 | AC12: =SUBTOTAL(103,January!$AC$7:$AC$11) -> 1 | AD12: =SUBTOTAL(103,January!$AD$7:$AD$11) -> 0 | AE12: =SUBTOTAL(103,January!$AE$7:$AE$11) -> 1 | AF12: =SUBTOTAL(103,January!$AF$7:$AF$11) -> 0 | AG12: =SUBTOTAL(103,January!$AG$7:$AG$11) -> 1 | AH12: =SUBTOTAL(109,January[Total Days]) -> 25

Sheet February
B1: =Employee_Absence_Title -> Employee Absence Schedule
B2: Absence Type Key | C2: V | D2: Vacation | G2: P | H2: Personal | K2: S | L2: Sick | O2: Custom 1 | S2: Custom 2
B4: February | C4: Dates of Absence | AH4: =CalendarYear -> 2016
C5: =TEXT(WEEKDAY(DATE(CalendarYear,2,1),1),"aaa") -> Mon | D5: =TEXT(WEEKDAY(DATE(CalendarYear,2,2),1),"aaa") -> Tue | E5: =TEXT(WEEKDAY(DATE(CalendarYear,2,3),1),"aaa") -> Wed | F5: =TEXT(WEEKDAY(DATE(CalendarYear,2,4),1),"aaa") -> Thu | G5: =TEXT(WEEKDAY(DATE(CalendarYear,2,5),1),"aaa") -> Fri | H5: =TEXT(WEEKDAY(DATE(CalendarYear,2,6),1),"aaa") -> Sat | I5: =TEXT(WEEKDAY(DATE(CalendarYear,2,7),1),"aaa") -> Sun | J5: =TEXT(WEEKDAY(DATE(CalendarYear,2,8),1),"aaa") -> Mon | K5: =TEXT(WEEKDAY(DATE(CalendarYear,2,9),1),"aaa") -> Tue | L5: =TEXT(WEEKDAY(DATE(CalendarYear,2,10),1),"aaa") -> Wed | M5: =TEXT(WEEKDAY(DATE(CalendarYear,2,11),1),"aaa") -> Thu | N5: =TEXT(WEEKDAY(DATE(CalendarYear,2,12),1),"aaa") -> Fri | O5: =TEXT(WEEKDAY(DATE(CalendarYear,2,13),1),"aaa") -> Sat | P5: =TEXT(WEEKDAY(DATE(CalendarYear,2,14),1),"aaa") -> Sun | Q5: =TEXT(WEEKDAY(DATE(CalendarYear,2,15),1),"aaa") -> Mon | R5: =TEXT(WEEKDAY(DATE(CalendarYear,2,16),1),"aaa") -> Tue | S5: =TEXT(WEEKDAY(DATE(CalendarYear,2,17),1),"aaa") -> Wed | T5: =TEXT(WEEKDAY(DATE(CalendarYear,2,18),1),"aaa") -> Thu | U5: =TEXT(WEEKDAY(DATE(CalendarYear,2,19),1),"aaa") -> Fri | V5: =TEXT(WEEKDAY(DATE(CalendarYear,2,20),1),"aaa") -> Sat | W5: =TEXT(WEEKDAY(DATE(CalendarYear,2,21),1),"aaa") -> Sun | X5: =TEXT(WEEKDAY(DATE(CalendarYear,2,22),1),"aaa") -> Mon | Y5: =TEXT(WEEKDAY(DATE(CalendarYear,2,23),1),"aaa") -> Tue | Z5: =TEXT(WEEKDAY(DATE(CalendarYear,2,24),1),"aaa") -> Wed | AA5: =TEXT(WEEKDAY(DATE(CalendarYear,2,25),1),"aaa") -> Thu | AB5: =TEXT(WEEKDAY(DATE(CalendarYear,2,26),1),"aaa") -> Fri | AC5: =TEXT(WEEKDAY(DATE(CalendarYear,2,27),1),"aaa") -> Sat | AD5: =TEXT(WEEKDAY(DATE(CalendarYear,2,28),1),"aaa") -> Sun | AE5: =TEXT(WEEKDAY(DATE(CalendarYear,2,29),1),"aaa") -> Mon
B6: Employee Name | C6: 1 | D6: 2 | E6: 3 | F6: 4 | G6: 5 | H6: 6 | I6: 7 | J6: 8 | K6: 9 | L6: 10 | M6: 11 | N6: 12 | O6: 13 | P6: 14 | Q6: 15 | R6: 16 | S6: 17 | T6: 18 | U6: 19 | V6: 20 | W6: 21 | X6: 22 | Y6: 23 | Z6: 24 | AA6: 25 | AB6: 26 | AC6: 27 | AD6: 28 | AE6: 29 | AH6: Total Days
B7: Employee 1 | E7: V | F7: V | G7: V | H7: V | O7: V | AH7: =COUNTA(February[[#This Row],[1]:[29]]) -> 5
B8: Employee 2 | G8: S | H8: S | M8: P | V8: S | AA8: V | AB8: V | AC8: V | AH8: =COUNTA(February[[#This Row],[1]:[29]]) -> 7
B9: Employee 3 | AH9: =COUNTA(February[[#This Row],[1]:[29]]) -> 0
B10: Employee 4 | E10: S | P10: S | T10: P | AD10: S | AH10: =COUNTA(February[[#This Row],[1]:[29]]) -> 4
B11: Employee 5 | J11: V | K11: V | L11: V | M11: V | Z11: S | AH11: =COUNTA(February[[#This Row],[1]:[29]]) -> 5
B12: =MonthName&" Total" -> February Total | C12: =SUBTOTAL(103,February[1]) -> 0 | D12: =SUBTOTAL(103,February[2]) -> 0 | E12: =SUBTOTAL(103,February[3]) -> 2 | F12: =SUBTOTAL(103,February[4]) -> 1 | G12: =SUBTOTAL(103,February[5]) -> 2 | H12: =SUBTOTAL(103,February[6]) -> 2 | I12: =SUBTOTAL(103,February[7]) -> 0 | J12: =SUBTOTAL(103,February[8]) -> 1 | K12: =SUBTOTAL(103,February[9]) -> 1 | L12: =SUBTOTAL(103,February[10]) -> 1 | M12: =SUBTOTAL(103,February[11]) -> 2 | N12: =SUBTOTAL(103,February[12]) -> 0 | O12: =SUBTOTAL(103,February[13]) -> 1 | P12: =SUBTOTAL(103,February[14]) -> 1 | Q12: =SUBTOTAL(103,February[15]) -> 0 | R12: =SUBTOTAL(103,February[16]) -> 0 | S12: =SUBTOTAL(103,February[17]) -> 0 | T12: =SUBTOTAL(103,February[18]) -> 1 | U12: =SUBTOTAL(103,February[19]) -> 0 | V12: =SUBTOTAL(103,February[20]) -> 1 | W12: =SUBTOTAL(103,February[21]) -> 0 | X12: =SUBTOTAL(103,February[22]) -> 0 | Y12: =SUBTOTAL(103,February[23]) -> 0 | Z12: =SUBTOTAL(103,February[24]) -> 1 | AA12: =SUBTOTAL(103,February[25]) -> 1 | AB12: =SUBTOTAL(103,February[26]) -> 1 | AC12: =SUBTOTAL(103,February[27]) -> 1 | AD12: =SUBTOTAL(103,February[28]) -> 1 | AE12: =SUBTOTAL(103,February[29]) -> 0 | AH12: =SUBTOTAL(109,February[Total Days]) -> 21

Sheet March
B1: =Employee_Absence_Title -> Employee Absence Schedule
B2: Absence Type Key | C2: V | D2: Vacation | G2: P | H2: Personal | K2: S | L2: Sick | O2: Custom 1 | S2: Custom 2
B4: March | C4: Dates of Absence | AH4: =CalendarYear -> 2016
C5: =TEXT(WEEKDAY(DATE(CalendarYear,3,1),1),"aaa") -> Tue | D5: =TEXT(WEEKDAY(DATE(CalendarYear,3,2),1),"aaa") -> Wed | E5: =TEXT(WEEKDAY(DATE(CalendarYear,3,3),1),"aaa") -> Thu | F5: =TEXT(WEEKDAY(DATE(CalendarYear,3,4),1),"aaa") -> Fri | G5: =TEXT(WEEKDAY(DATE(CalendarYear,3,5),1),"aaa") -> Sat | H5: =TEXT(WEEKDAY(DATE(CalendarYear,3,6),1),"aaa") -> Sun | I5: =TEXT(WEEKDAY(DATE(CalendarYear,3,7),1),"aaa") -> Mon | J5: =TEXT(WEEKDAY(DATE(CalendarYear,3,8),1),"aaa") -> Tue | K5: =TEXT(WEEKDAY(DATE(CalendarYear,3,9),1),"aaa") -> Wed | L5: =TEXT(WEEKDAY(DATE(CalendarYear,3,10),1),"aaa") -> Thu | M5: =TEXT(WEEKDAY(DATE(CalendarYear,3,11),1),"aaa") -> Fri | N5: =TEXT(WEEKDAY(DATE(CalendarYear,3,12),1),"aaa") -> Sat | O5: =TEXT(WEEKDAY(DATE(CalendarYear,3,13),1),"aaa") -> Sun | P5: =TEXT(WEEKDAY(DATE(CalendarYear,3,14),1),"aaa") -> Mon | Q5: =TEXT(WEEKDAY(DATE(CalendarYear,3,15),1),"aaa") -> Tue | R5: =TEXT(WEEKDAY(DATE(CalendarYear,3,16),1),"aaa") -> Wed | S5: =TEXT(WEEKDAY(DATE(CalendarYear,3,17),1),"aaa") -> Thu | T5: =TEXT(WEEKDAY(DATE(CalendarYear,3,18),1),"aaa") -> Fri | U5: =TEXT(WEEKDAY(DATE(CalendarYear,3,19),1),"aaa") -> Sat | V5: =TEXT(WEEKDAY(DATE(CalendarYear,3,20),1),"aaa") -> Sun | W5: =TEXT(WEEKDAY(DATE(CalendarYear,3,21),1),"aaa") -> Mon | X5: =TEXT(WEEKDAY(DATE(CalendarYear,3,22),1),"aaa") -> Tue | Y5: =TEXT(WEEKDAY(DATE(CalendarYear,3,23),1),"aaa") -> Wed | Z5: =TEXT(WEEKDAY(DATE(CalendarYear,3,24),1),"aaa") -> Thu | AA5: =TEXT(WEEKDAY(DATE(CalendarYear,3,25),1),"aaa") -> Fri | AB5: =TEXT(WEEKDAY(DATE(CalendarYear,3,26),1),"aaa") -> Sat | AC5: =TEXT(WEEKDAY(DATE(CalendarYear,3,27),1),"aaa") -> Sun | AD5: =TEXT(WEEKDAY(DATE(CalendarYear,3,28),1),"aaa") -> Mon | AE5: =TEXT(WEEKDAY(DATE(CalendarYear,3,29),1),"aaa") -> Tue | AF5: =TEXT(WEEKDAY(DATE(CalendarYear,3,30),1),"aaa") -> Wed | AG5: =TEXT(WEEKDAY(DATE(CalendarYear,3,31),1),"aaa") -> Thu
B6: Employee Name | C6: 1 | D6: 2 | E6: 3 | F6: 4 | G6: 5 | H6: 6 | I6: 7 | J6: 8 | K6: 9 | L6: 10 | M6: 11 | N6: 12 | O6: 13 | P6: 14 | Q6: 15 | R6: 16 | S6: 17 | T6: 18 | U6: 19 | V6: 20 | W6: 21 | X6: 22 | Y6: 23 | Z6: 24 | AA6: 25 | AB6: 26 | AC6: 27 | AD6: 28 | AE6: 29 | AF6: 30 | AG6: 31 | AH6: Total Days
B7: Employee 1 | D7: v | E7: v | F7: v | G7: s | AH7: =COUNTA(March[[#This Row],[1]:[31]]) -> 4
B8: Employee 2 | M8: s | AH8: =COUNTA(March[[#This Row],[1]:[31]]) -> 1
B9: Employee 3 | P9: p | Q9: p | AH9: =COUNTA(March[[#This Row],[1]:[31]]) -> 2
B10: Employee 4 | AA10: s | AB10: s | AD10: s | AH10: =COUNTA(March[[#This Row],[1]:[31]]) -> 3
B11: Employee 5 | J11: v | K11: v | L11: v | M11: v | N11: s | AH11: =COUNTA(March[[#This Row],[1]:[31]]) -> 5
B12: =MonthName&" Total" -> March Total | C12: =SUBTOTAL(103,March[1]) -> 0 | D12: =SUBTOTAL(103,March[2]) -> 1 | E12: =SUBTOTAL(103,March[3]) -> 1 | F12: =SUBTOTAL(103,March[4]) -> 1 | G12: =SUBTOTAL(103,March[5]) -> 1 | H12: =SUBTOTAL(103,March[6]) -> 0 | I12: =SUBTOTAL(103,March[7]) -> 0 | J12: =SUBTOTAL(103,March[8]) -> 1 | K12: =SUBTOTAL(103,March[9]) -> 1 | L12: =SUBTOTAL(103,March[10]) -> 1 | M12: =SUBTOTAL(103,March[11]) -> 2 | N12: =SUBTOTAL(103,March[12]) -> 1 | O12: =SUBTOTAL(103,March[13]) -> 0 | P12: =SUBTOTAL(103,March[14]) -> 1 | Q12: =SUBTOTAL(103,March[15]) -> 1 | R12: =SUBTOTAL(103,March[16]) -> 0 | S12: =SUBTOTAL(103,March[17]) -> 0 | T12: =SUBTOTAL(103,March[18]) -> 0 | U12: =SUBTOTAL(103,March[19]) -> 0 | V12: =SUBTOTAL(103,March[20]) -> 0 | W12: =SUBTOTAL(103,March[21]) -> 0 | X12: =SUBTOTAL(103,March[22]) -> 0 | Y12: =SUBTOTAL(103,March[23]) -> 0 | Z12: =SUBTOTAL(103,March[24]) -> 0 | AA12: =SUBTOTAL(103,March[25]) -> 1 | AB12: =SUBTOTAL(103,March[26]) -> 1 | AC12: =SUBTOTAL(103,March[27]) -> 0 | AD12: =SUBTOTAL(103,March[28]) -> 1 | AE12: =SUBTOTAL(103,March[29]) -> 0 | AF12: =SUBTOTAL(109,March[30]) -> 0 | AG12: =SUBTOTAL(109,March[31]) -> 0 | AH12: =SUBTOTAL(109,March[Total Days]) -> 15

Sheet April
B1: =Employee_Absence_Title -> Employee Absence Schedule
B2: Absence Type Key | C2: V | D2: Vacation | G2: P | H2: Personal | K2: S | L2: Sick | O2: Custom 1 | S2: Custom 2
B4: April | C4: Dates of Absence | AH4: =CalendarYear -> 2016
C5: =TEXT(WEEKDAY(DATE(CalendarYear,4,1),1),"aaa") -> Fri | D5: =TEXT(WEEKDAY(DATE(CalendarYear,4,2),1),"aaa") -> Sat | E5: =TEXT(WEEKDAY(DATE(CalendarYear,4,3),1),"aaa") -> Sun | F5: =TEXT(WEEKDAY(DATE(CalendarYear,4,4),1),"aaa") -> Mon | G5: =TEXT(WEEKDAY(DATE(CalendarYear,4,5),1),"aaa") -> Tue | H5: =TEXT(WEEKDAY(DATE(CalendarYear,4,6),1),"aaa") -> Wed | I5: =TEXT(WEEKDAY(DATE(CalendarYear,4,7),1),"aaa") -> Thu | J5: =TEXT(WEEKDAY(DATE(CalendarYear,4,8),1),"aaa") -> Fri | K5: =TEXT(WEEKDAY(DATE(CalendarYear,4,9),1),"aaa") -> Sat | L5: =TEXT(WEEKDAY(DATE(CalendarYear,4,10),1),"aaa") -> Sun | M5: =TEXT(WEEKDAY(DATE(CalendarYear,4,11),1),"aaa") -> Mon | N5: =TEXT(WEEKDAY(DATE(CalendarYear,4,12),1),"aaa") -> Tue | O5: =TEXT(WEEKDAY(DATE(CalendarYear,4,13),1),"aaa") -> Wed | P5: =TEXT(WEEKDAY(DATE(CalendarYear,4,14),1),"aaa") -> Thu | Q5: =TEXT(WEEKDAY(DATE(CalendarYear,4,15),1),"aaa") -> Fri | R5: =TEXT(WEEKDAY(DATE(CalendarYear,4,16),1),"aaa") -> Sat | S5: =TEXT(WEEKDAY(DATE(CalendarYear,4,17),1),"aaa") -> Sun | T5: =TEXT(WEEKDAY(DATE(CalendarYear,4,18),1),"aaa") -> Mon | U5: =TEXT(WEEKDAY(DATE(CalendarYear,4,19),1),"aaa") -> Tue | V5: =TEXT(WEEKDAY(DATE(CalendarYear,4,20),1),"aaa") -> Wed | W5: =TEXT(WEEKDAY(DATE(CalendarYear,4,21),1),"aaa") -> Thu | X5: =TEXT(WEEKDAY(DATE(CalendarYear,4,22),1),"aaa") -> Fri | Y5: =TEXT(WEEKDAY(DATE(CalendarYear,4,23),1),"aaa") -> Sat | Z5: =TEXT(WEEKDAY(DATE(CalendarYear,4,24),1),"aaa") -> Sun | AA5: =TEXT(WEEKDAY(DATE(CalendarYear,4,25),1),"aaa") -> Mon | AB5: =TEXT(WEEKDAY(DATE(CalendarYear,4,26),1),"aaa") -> Tue | AC5: =TEXT(WEEKDAY(DATE(CalendarYear,4,27),1),"aaa") -> Wed | AD5: =TEXT(WEEKDAY(DATE(CalendarYear,4,28),1),"aaa") -> Thu | AE5: =TEXT(WEEKDAY(DATE(CalendarYear,4,29),1),"aaa") -> Fri | AF5: =TEXT(WEEKDAY(DATE(CalendarYear,4,30),1),"aaa") -> Sat
B6: Employee Name | C6: 1 | D6: 2 | E6: 3 | F6: 4 | G6: 5 | H6: 6 | I6: 7 | J6: 8 | K6: 9 | L6: 10 | M6: 11 | N6: 12 | O6: 13 | P6: 14 | Q6: 15 | R6: 16 | S6: 17 | T6: 18 | U6: 19 | V6: 20 | W6: 21 | X6: 22 | Y6: 23 | Z6: 24 | AA6: 25 | AB6: 26 | AC6: 27 | AD6: 28 | AE6: 29 | AF6: 30 | AG6: 31 | AH6: Total Days
B7: Employee 1 | Y7: s | AH7: =COUNTA(April[[#This Row],[1]:[31]]) -> 1
B8: Employee 2 | U8: v | V8: v | W8: v | AH8: =COUNTA(April[[#This Row],[1]:[31]]) -> 3
B9: Employee 3 | F9: p | AC9: s | AD9: s | AE9: s | AF9: s | AH9: =COUNTA(April[[#This Row],[1]:[31]]) -> 5
B10: Employee 4 | G10: v | H10: v | I10: v | J10: p | AH10: =COUNTA(April[[#This Row],[1]:[31]]) -> 4
B11: Employee 5 | P11: p | Q11: p | R11: p | AH11: =COUNTA(April[[#This Row],[1]:[31]]) -> 3
B12: =MonthName&" Total" -> April Total | C12: =SUBTOTAL(103,April[1]) -> 0 | D12: =SUBTOTAL(103,April[2]) -> 0 | E12: =SUBTOTAL(103,April[3]) -> 0 | F12: =SUBTOTAL(103,April[4]) -> 1 | G12: =SUBTOTAL(103,April[5]) -> 1 | H12: =SUBTOTAL(103,April[6]) -> 1 | I12: =SUBTOTAL(103,April[7]) -> 1 | J12: =SUBTOTAL(103,April[8]) -> 1 | K12: =SUBTOTAL(103,April[9]) -> 0 | L12: =SUBTOTAL(103,April[10]) -> 0 | M12: =SUBTOTAL(103,April[11]) -> 0 | N12: =SUBTOTAL(103,April[12]) -> 0 | O12: =SUBTOTAL(103,April[13]) -> 0 | P12: =SUBTOTAL(103,April[14]) -> 1 | Q12: =SUBTOTAL(103,April[15]) -> 1 | R12: =SUBTOTAL(103,April[16]) -> 1 | S12: =SUBTOTAL(103,April[17]) -> 0 | T12: =SUBTOTAL(103,April[18]) -> 0 | U12: =SUBTOTAL(103,April[19]) -> 1 | V12: =SUBTOTAL(103,April[20]) -> 1 | W12: =SUBTOTAL(103,April[21]) -> 1 | X12: =SUBTOTAL(103,April[22]) -> 0 | Y12: =SUBTOTAL(103,April[23]) -> 1 | Z12: =SUBTOTAL(103,April[24]) -> 0 | AA12: =SUBTOTAL(103,April[25]) -> 0 | AB12: =SUBTOTAL(103,April[26]) -> 0 | AC12: =SUBTOTAL(103,April[27]) -> 1 | AD12: =SUBTOTAL(103,April[28]) -> 1 | AE12: =SUBTOTAL(103,April[29]) -> 1 | AF12: =SUBTOTAL(109,April[30]) -> 0 | AG12: =SUBTOTAL(109,April[31]) -> 0 | AH12: =SUBTOTAL(109,April[Total Days]) -> 16

Sheet May
B1: =Employee_Absence_Title -> Employee Absence Schedule
B2: Absence Type Key | C2: V | D2: Vacation | G2: P | H2: Personal | K2: S | L2: Sick | O2: Custom 1 | S2: Custom 2
B4: May | C4: Dates of Absence | AH4: =CalendarYear -> 2016
C5: =TEXT(WEEKDAY(DATE(CalendarYear,5,1),1),"aaa") -> Sun | D5: =TEXT(WEEKDAY(DATE(CalendarYear,5,2),1),"aaa") -> Mon | E5: =TEXT(WEEKDAY(DATE(CalendarYear,5,3),1),"aaa") -> Tue | F5: =TEXT(WEEKDAY(DATE(CalendarYear,5,4),1),"aaa") -> Wed | G5: =TEXT(WEEKDAY(DATE(CalendarYear,5,5),1),"aaa") -> Thu | H5: =TEXT(WEEKDAY(DATE(CalendarYear,5,6),1),"aaa") -> Fri | I5: =TEXT(WEEKDAY(DATE(CalendarYear,5,7),1),"aaa") -> Sat | J5: =TEXT(WEEKDAY(DATE(CalendarYear,5,8),1),"aaa") -> Sun | K5: =TEXT(WEEKDAY(DATE(CalendarYear,5,9),1),"aaa") -> Mon | L5: =TEXT(WEEKDAY(DATE(CalendarYear,5,10),1),"aaa") -> Tue | M5: =TEXT(WEEKDAY(DATE(CalendarYear,5,11),1),"aaa") -> Wed | N5: =TEXT(WEEKDAY(DATE(CalendarYear,5,12),1),"aaa") -> Thu | O5: =TEXT(WEEKDAY(DATE(CalendarYear,5,13),1),"aaa") -> Fri | P5: =TEXT(WEEKDAY(DATE(CalendarYear,5,14),1),"aaa") -> Sat | Q5: =TEXT(WEEKDAY(DATE(CalendarYear,5,15),1),"aaa") -> Sun | R5: =TEXT(WEEKDAY(DATE(CalendarYear,5,16),1),"aaa") -> Mon | S5: =TEXT(WEEKDAY(DATE(CalendarYear,5,17),1),"aaa") -> Tue | T5: =TEXT(WEEKDAY(DATE(CalendarYear,5,18),1),"aaa") -> Wed | U5: =TEXT(WEEKDAY(DATE(CalendarYear,5,19),1),"aaa") -> Thu | V5: =TEXT(WEEKDAY(DATE(CalendarYear,5,20),1),"aaa") -> Fri | W5: =TEXT(WEEKDAY(DATE(CalendarYear,5,21),1),"aaa") -> Sat | X5: =TEXT(WEEKDAY(DATE(CalendarYear,5,22),1),"aaa") -> Sun | Y5: =TEXT(WEEKDAY(DATE(CalendarYear,5,23),1),"aaa") -> Mon | Z5: =TEXT(WEEKDAY(DATE(CalendarYear,5,24),1),"aaa") -> Tue | AA5: =TEXT(WEEKDAY(DATE(CalendarYear,5,25),1),"aaa") -> Wed | AB5: =TEXT(WEEKDAY(DATE(CalendarYear,5,26),1),"aaa") -> Thu | AC5: =TEXT(WEEKDAY(DATE(CalendarYear,5,27),1),"aaa") -> Fri | AD5: =TEXT(WEEKDAY(DATE(CalendarYear,5,28),1),"aaa") -> Sat | AE5: =TEXT(WEEKDAY(DATE(CalendarYear,5,29),1),"aaa") -> Sun | AF5: =TEXT(WEEKDAY(DATE(CalendarYear,5,30),1),"aaa") -> Mon | AG5: =TEXT(WEEKDAY(DATE(CalendarYear,5,31),1),"aaa") -> Tue
B6: Employee Name | C6: 1 | D6: 2 | E6: 3 | F6: 4 | G6: 5 | H6: 6 | I6: 7 | J6: 8 | K6: 9 | L6: 10 | M6: 11 | N6: 12 | O6: 13 | P6: 14 | Q6: 15 | R6: 16 | S6: 17 | T6: 18 | U6: 19 | V6: 20 | W6: 21 | X6: 22 | Y6: 23 | Z6: 24 | AA6: 25 | AB6: 26 | AC6: 27 | AD6: 28 | AE6: 29 | AF6: 30 | AG6: 31 | AH6: Total Days
B7: Employee 1 | D7: v | E7: v | F7: v | AB7: p | AC7: p | AH7: =COUNTA(May[[#This Row],[1]:[31]]) -> 5
B8: Employee 2 | L8: p | M8: p | W8: s | Y8: s | AH8: =COUNTA(May[[#This Row],[1]:[31]]) -> 4
B9: Employee 3 | G9: v | H9: v | I9: v | AH9: =COUNTA(May[[#This Row],[1]:[31]]) -> 3
B10: Employee 4 | D10: p | E10: p | Z10: s | AA10: s | AF10: v | AG10: v | AH10: =COUNTA(May[[#This Row],[1]:[31]]) -> 6
B11: Employee 5 | O11: s | P11: s | R11: s | S11: s | T11: s | U11: s | AH11: =COUNTA(May[[#This Row],[1]:[31]]) -> 6
B12: =MonthName&" Total" -> May Total | C12: =SUBTOTAL(103,May[1]) -> 0 | D12: =SUBTOTAL(103,May[2]) -> 2 | E12: =SUBTOTAL(103,May[3]) -> 2 | F12: =SUBTOTAL(103,May[4]) -> 1 | G12: =SUBTOTAL(103,May[5]) -> 1 | H12: =SUBTOTAL(103,May[6]) -> 1 | I12: =SUBTOTAL(103,May[7]) -> 1 | J12: =SUBTOTAL(103,May[8]) -> 0 | K12: =SUBTOTAL(103,May[9]) -> 0 | L12: =SUBTOTAL(103,May[10]) -> 1 | M12: =SUBTOTAL(103,May[11]) -> 1 | N12: =SUBTOTAL(103,May[12]) -> 0 | O12: =SUBTOTAL(103,May[13]) -> 1 | P12: =SUBTOTAL(103,May[14]) -> 1 | Q12: =SUBTOTAL(103,May[15]) -> 0 | R12: =SUBTOTAL(103,May[16]) -> 1 | S12: =SUBTOTAL(103,May[17]) -> 1 | T12: =SUBTOTAL(103,May[18]) -> 1 | U12: =SUBTOTAL(103,May[19]) -> 1 | V12: =SUBTOTAL(103,May[20]) -> 0 | W12: =SUBTOTAL(103,May[21]) -> 1 | X12: =SUBTOTAL(103,May[22]) -> 0 | Y12: =SUBTOTAL(103,May[23]) -> 1 | Z12: =SUBTOTAL(103,May[24]) -> 1 | AA12: =SUBTOTAL(103,May[25]) -> 1 | AB12: =SUBTOTAL(103,May[26]) -> 1 | AC12: =SUBTOTAL(103,May[27]) -> 1 | AD12: =SUBTOTAL(103,May[28]) -> 0 | AE12: =SUBTOTAL(103,May[29]) -> 0 | AF12: =SUBTOTAL(109,May[30]) -> 0 | AG12: =SUBTOTAL(109,May[31]) -> 0 | AH12: =SUBTOTAL(109,May[Total Days]) -> 24

Sheet June
B1: =Employee_Absence_Title -> Employee Absence Schedule
B2: Absence Type Key | C2: V | D2: Vacation | G2: P | H2: Personal | K2: S | L2: Sick | O2: Custom 1 | S2: Custom 2
B4: June | C4: Dates of Absence | AH4: =CalendarYear -> 2016
C5: =TEXT(WEEKDAY(DATE(CalendarYear,6,1),1),"aaa") -> Wed | D5: =TEXT(WEEKDAY(DATE(CalendarYear,6,2),1),"aaa") -> Thu | E5: =TEXT(WEEKDAY(DATE(CalendarYear,6,3),1),"aaa") -> Fri | F5: =TEXT(WEEKDAY(DATE(CalendarYear,6,4),1),"aaa") -> Sat | G5: =TEXT(WEEKDAY(DATE(CalendarYear,6,5),1),"aaa") -> Sun | H5: =TEXT(WEEKDAY(DATE(CalendarYear,6,6),1),"aaa") -> Mon | I5: =TEXT(WEEKDAY(DATE(CalendarYear,6,7),1),"aaa") -> Tue | J5: =TEXT(WEEKDAY(DATE(CalendarYear,6,8),1),"aaa") -> Wed | K5: =TEXT(WEEKDAY(DATE(CalendarYear,6,9),1),"aaa") -> Thu | L5: =TEXT(WEEKDAY(DATE(CalendarYear,6,10),1),"aaa") -> Fri | M5: =TEXT(WEEKDAY(DATE(CalendarYear,6,11),1),"aaa") -> Sat | N5: =TEXT(WEEKDAY(DATE(CalendarYear,6,12),1),"aaa") -> Sun | O5: =TEXT(WEEKDAY(DATE(CalendarYear,6,13),1),"aaa") -> Mon | P5: =TEXT(WEEKDAY(DATE(CalendarYear,6,14),1),"aaa") -> Tue | Q5: =TEXT(WEEKDAY(DATE(CalendarYear,6,15),1),"aaa") -> Wed | R5: =TEXT(WEEKDAY(DATE(CalendarYear,6,16),1),"aaa") -> Thu | S5: =TEXT(WEEKDAY(DATE(CalendarYear,6,17),1),"aaa") -> Fri | T5: =TEXT(WEEKDAY(DATE(CalendarYear,6,18),1),"aaa") -> Sat | U5: =TEXT(WEEKDAY(DATE(CalendarYear,6,19),1),"aaa") -> Sun | V5: =TEXT(WEEKDAY(DATE(CalendarYear,6,20),1),"aaa") -> Mon | W5: =TEXT(WEEKDAY(DATE(CalendarYear,6,21),1),"aaa") -> Tue | X5: =TEXT(WEEKDAY(DATE(CalendarYear,6,22),1),"aaa") -> Wed | Y5: =TEXT(WEEKDAY(DATE(CalendarYear,6,23),1),"aaa") -> Thu | Z5: =TEXT(WEEKDAY(DATE(CalendarYear,6,24),1),"aaa") -> Fri | AA5: =TEXT(WEEKDAY(DATE(CalendarYear,6,25),1),"aaa") -> Sat | AB5: =TEXT(WEEKDAY(DATE(CalendarYear,6,26),1),"aaa") -> Sun | AC5: =TEXT(WEEKDAY(DATE(CalendarYear,6,27),1),"aaa") -> Mon | AD5: =TEXT(WEEKDAY(DATE(CalendarYear,6,28),1),"aaa") -> Tue | AE5: =TEXT(WEEKDAY(DATE(CalendarYear,6,29),1),"aaa") -> Wed | AF5: =TEXT(WEEKDAY(DATE(CalendarYear,6,30),1),"aaa") -> Thu
B6: Employee Name | C6: 1 | D6: 2 | E6: 3 | F6: 4 | G6: 5 | H6: 6 | I6: 7 | J6: 8 | K6: 9 | L6: 10 | M6: 11 | N6: 12 | O6: 13 | P6: 14 | Q6: 15 | R6: 16 | S6: 17 | T6: 18 | U6: 19 | V6: 20 | W6: 21 | X6: 22 | Y6: 23 | Z6: 24 | AA6: 25 | AB6: 26 | AC6: 27 | AD6: 28 | AE6: 29 | AF6: 30 | AG6: 31 | AH6: Total Days
B7: Employee 1 | AA7: v | AC7: v | AD7: v | AH7: =COUNTA(June[[#This Row],[1]:[31]]) -> 3
B8: Employee 2 | H8: s | I8: s | V8: p | W8: p | X8: p | AH8: =COUNTA(June[[#This Row],[1]:[31]]) -> 5
B9: Employee 3 | L9: p | M9: v | O9: v | P9: v | Q9: v | R9: v | S9: s | T9: s | AH9: =COUNTA(June[[#This Row],[1]:[31]]) -> 8
B10: Employee 4 | E10: s | F10: s | G10: s | AH10: =COUNTA(June[[#This Row],[1]:[31]]) -> 3
B11: Employee 5 | AA11: v | AC11: v | AD11: v | AE11: v | AF11: v | AG11: v | AH11: =COUNTA(June[[#This Row],[1]:[31]]) -> 6
B12: =MonthName&" Total" -> June Total | C12: =SUBTOTAL(103,June[1]) -> 0 | D12: =SUBTOTAL(103,June[2]) -> 0 | E12: =SUBTOTAL(103,June[3]) -> 1 | F12: =SUBTOTAL(103,June[4]) -> 1 | G12: =SUBTOTAL(103,June[5]) -> 1 | H12: =SUBTOTAL(103,June[6]) -> 1 | I12: =SUBTOTAL(103,June[7]) -> 1 | J12: =SUBTOTAL(103,June[8]) -> 0 | K12: =SUBTOTAL(103,June[9]) -> 0 | L12: =SUBTOTAL(103,June[10]) -> 1 | M12: =SUBTOTAL(103,June[11]) -> 1 | N12: =SUBTOTAL(103,June[12]) -> 0 | O12: =SUBTOTAL(103,June[13]) -> 1 | P12: =SUBTOTAL(103,June[14]) -> 1 | Q12: =SUBTOTAL(103,June[15]) -> 1 | R12: =SUBTOTAL(103,June[16]) -> 1 | S12: =SUBTOTAL(103,June[17]) -> 1 | T12: =SUBTOTAL(103,June[18]) -> 1 | U12: =SUBTOTAL(103,June[19]) -> 0 | V12: =SUBTOTAL(103,June[20]) -> 1 | W12: =SUBTOTAL(103,June[21]) -> 1 | X12: =SUBTOTAL(103,June[22]) -> 1 | Y12: =SUBTOTAL(103,June[23]) -> 0 | Z12: =SUBTOTAL(103,June[24]) -> 0 | AA12: =SUBTOTAL(103,June[25]) -> 2 | AB12: =SUBTOTAL(103,June[26]) -> 0 | AC12: =SUBTOTAL(103,June[27]) -> 2 | AD12: =SUBTOTAL(103,June[28]) -> 2 | AE12: =SUBTOTAL(103,June[29]) -> 1 | AF12: =SUBTOTAL(109,June[30]) -> 0 | AG12: =SUBTOTAL(109,June[31]) -> 0 | AH12: =SUBTOTAL(109,June[Total Days]) -> 25

Sheet July
B1: =Employee_Absence_Title -> Employee Absence Schedule
B2: Absence Type Key | C2: V | D2: Vacation | G2: P | H2: Personal | K2: S | L2: Sick | O2: Custom 1 | S2: Custom 2
B4: July | C4: Dates of Absence | AH4: =CalendarYear -> 2016
C5: =TEXT(WEEKDAY(DATE(CalendarYear,7,1),1),"aaa") -> Fri | D5: =TEXT(WEEKDAY(DATE(CalendarYear,7,2),1),"aaa") -> Sat | E5: =TEXT(WEEKDAY(DATE(CalendarYear,7,3),1),"aaa") -> Sun | F5: =TEXT(WEEKDAY(DATE(CalendarYear,7,4),1),"aaa") -> Mon | G5: =TEXT(WEEKDAY(DATE(CalendarYear,7,5),1),"aaa") -> Tue | H5: =TEXT(WEEKDAY(DATE(CalendarYear,7,6),1),"aaa") -> Wed | I5: =TEXT(WEEKDAY(DATE(CalendarYear,7,7),1),"aaa") -> Thu | J5: =TEXT(WEEKDAY(DATE(CalendarYear,7,8),1),"aaa") -> Fri | K5: =TEXT(WEEKDAY(DATE(CalendarYear,7,9),1),"aaa") -> Sat | L5: =TEXT(WEEKDAY(DATE(CalendarYear,7,10),1),"aaa") -> Sun | M5: =TEXT(WEEKDAY(DATE(CalendarYear,7,11),1),"aaa") -> Mon | N5: =TEXT(WEEKDAY(DATE(CalendarYear,7,12),1),"aaa") -> Tue | O5: =TEXT(WEEKDAY(DATE(CalendarYear,7,13),1),"aaa") -> Wed | P5: =TEXT(WEEKDAY(DATE(CalendarYear,7,14),1),"aaa") -> Thu | Q5: =TEXT(WEEKDAY(DATE(CalendarYear,7,15),1),"aaa") -> Fri | R5: =TEXT(WEEKDAY(DATE(CalendarYear,7,16),1),"aaa") -> Sat | S5: =TEXT(WEEKDAY(DATE(CalendarYear,7,17),1),"aaa") -> Sun | T5: =TEXT(WEEKDAY(DATE(CalendarYear,7,18),1),"aaa") -> Mon | U5: =TEXT(WEEKDAY(DATE(CalendarYear,7,19),1),"aaa") -> Tue | V5: =TEXT(WEEKDAY(DATE(CalendarYear,7,20),1),"aaa") -> Wed | W5: =TEXT(WEEKDAY(DATE(CalendarYear,7,21),1),"aaa") -> Thu | X5: =TEXT(WEEKDAY(DATE(CalendarYear,7,22),1),"aaa") -> Fri | Y5: =TEXT(WEEKDAY(DATE(CalendarYear,7,23),1),"aaa") -> Sat | Z5: =TEXT(WEEKDAY(DATE(CalendarYear,7,24),1),"aaa") -> Sun | AA5: =TEXT(WEEKDAY(DATE(CalendarYear,7,25),1),"aaa") -> Mon | AB5: =TEXT(WEEKDAY(DATE(CalendarYear,7,26),1),"aaa") -> Tue | AC5: =TEXT(WEEKDAY(DATE(CalendarYear,7,27),1),"aaa") -> Wed | AD5: =TEXT(WEEKDAY(DATE(CalendarYear,7,28),1),"aaa") -> Thu | AE5: =TEXT(WEEKDAY(DATE(CalendarYear,7,29),1),"aaa") -> Fri | AF5: =TEXT(WEEKDAY(DATE(CalendarYear,7,30),1),"aaa") -> Sat | AG5: =TEXT(WEEKDAY(DATE(CalendarYear,7,31),1),"aaa") -> Sun
B6: Employee Name | C6: 1 | D6: 2 | E6: 3 | F6: 4 | G6: 5 | H6: 6 | I6: 7 | J6: 8 | K6: 9 | L6: 10 | M6: 11 | N6: 12 | O6: 13 | P6: 14 | Q6: 15 | R6: 16 | S6: 17 | T6: 18 | U6: 19 | V6: 20 | W6: 21 | X6: 22 | Y6: 23 | Z6: 24 | AA6: 25 | AB6: 26 | AC6: 27 | AD6: 28 | AE6: 29 | AF6: 30 | AG6: 31 | AH6: Total Days
B7: Employee 1 | D7: p | F7: p | V7: s | W7: s | AH7: =COUNTA(July[[#This Row],[1]:[31]]) -> 4
B8: Employee 2 | M8: v | N8: v | O8: v | P8: s | AH8: =COUNTA(July[[#This Row],[1]:[31]]) -> 4
B9: Employee 3 | F9: s | G9: s | H9: s | I9: s | J9: s | K9: p | AH9: =COUNTA(July[[#This Row],[1]:[31]]) -> 6
B10: Employee 4 | O10: p | AH10: =COUNTA(July[[#This Row],[1]:[31]]) -> 1
B11: Employee 5 | T11: v | U11: v | V11: v | W11: v | AH11: =COUNTA(July[[#This Row],[1]:[31]]) -> 4
B12: =MonthName&" Total" -> July Total | C12: =SUBTOTAL(103,July[1]) -> 0 | D12: =SUBTOTAL(103,July[2]) -> 1 | E12: =SUBTOTAL(103,July[3]) -> 0 | F12: =SUBTOTAL(103,July[4]) -> 2 | G12: =SUBTOTAL(103,July[5]) -> 1 | H12: =SUBTOTAL(103,July[6]) -> 1 | I12: =SUBTOTAL(103,July[7]) -> 1 | J12: =SUBTOTAL(103,July[8]) -> 1 | K12: =SUBTOTAL(103,July[9]) -> 1 | L12: =SUBTOTAL(103,July[10]) -> 0 | M12: =SUBTOTAL(103,July[11]) -> 1 | N12: =SUBTOTAL(103,July[12]) -> 1 | O12: =SUBTOTAL(103,July[13]) -> 2 | P12: =SUBTOTAL(103,July[14]) -> 1 | Q12: =SUBTOTAL(103,July[15]) -> 0 | R12: =SUBTOTAL(103,July[16]) -> 0 | S12: =SUBTOTAL(103,July[17]) -> 0 | T12: =SUBTOTAL(103,July[18]) -> 1 | U12: =SUBTOTAL(103,July[19]) -> 1 | V12: =SUBTOTAL(103,July[20]) -> 2 | W12: =SUBTOTAL(103,July[21]) -> 2 | X12: =SUBTOTAL(103,July[22]) -> 0 | Y12: =SUBTOTAL(103,July[23]) -> 0 | Z12: =SUBTOTAL(103,July[24]) -> 0 | AA12: =SUBTOTAL(103,July[25]) -> 0 | AB12: =SUBTOTAL(103,July[26]) -> 0 | AC12: =SUBTOTAL(103,July[27]) -> 0 | AD12: =SUBTOTAL(103,July[28]) -> 0 | AE12: =SUBTOTAL(103,July[29]) -> 0 | AF12: =SUBTOTAL(109,July[30]) -> 0 | AG12: =SUBTOTAL(109,July[31]) -> 0 | AH12: =SUBTOTAL(109,July[Total Days]) -> 19

Sheet August
B1: =Employee_Absence_Title -> Employee Absence Schedule
B2: Absence Type Key | C2: V | D2: Vacation | G2: P | H2: Personal | K2: S | L2: Sick | O2: Custom 1 | S2: Custom 2
B4: August | C4: Dates of Absence | AH4: =CalendarYear -> 2016
C5: =TEXT(WEEKDAY(DATE(CalendarYear,8,1),1),"aaa") -> Mon | D5: =TEXT(WEEKDAY(DATE(CalendarYear,8,2),1),"aaa") -> Tue | E5: =TEXT(WEEKDAY(DATE(CalendarYear,8,3),1),"aaa") -> Wed | F5: =TEXT(WEEKDAY(DATE(CalendarYear,8,4),1),"aaa") -> Thu | G5: =TEXT(WEEKDAY(DATE(CalendarYear,8,5),1),"aaa") -> Fri | H5: =TEXT(WEEKDAY(DATE(CalendarYear,8,6),1),"aaa") -> Sat | I5: =TEXT(WEEKDAY(DATE(CalendarYear,8,7),1),"aaa") -> Sun | J5: =TEXT(WEEKDAY(DATE(CalendarYear,8,8),1),"aaa") -> Mon | K5: =TEXT(WEEKDAY(DATE(CalendarYear,8,9),1),"aaa") -> Tue | L5: =TEXT(WEEKDAY(DATE(CalendarYear,8,10),1),"aaa") -> Wed | M5: =TEXT(WEEKDAY(DATE(CalendarYear,8,11),1),"aaa") -> Thu | N5: =TEXT(WEEKDAY(DATE(CalendarYear,8,12),1),"aaa") -> Fri | O5: =TEXT(WEEKDAY(DATE(CalendarYear,8,13),1),"aaa") -> Sat | P5: =TEXT(WEEKDAY(DATE(CalendarYear,8,14),1),"aaa") -> Sun | Q5: =TEXT(WEEKDAY(DATE(CalendarYear,8,15),1),"aaa") -> Mon | R5: =TEXT(WEEKDAY(DATE(CalendarYear,8,16),1),"aaa") -> Tue | S5: =TEXT(WEEKDAY(DATE(CalendarYear,8,17),1),"aaa") -> Wed | T5: =TEXT(WEEKDAY(DATE(CalendarYear,8,18),1),"aaa") -> Thu | U5: =TEXT(WEEKDAY(DATE(CalendarYear,8,19),1),"aaa") -> Fri | V5: =TEXT(WEEKDAY(DATE(CalendarYear,8,20),1),"aaa") -> Sat | W5: =TEXT(WEEKDAY(DATE(CalendarYear,8,21),1),"aaa") -> Sun | X5: =TEXT(WEEKDAY(DATE(CalendarYear,8,22),1),"aaa") -> Mon | Y5: =TEXT(WEEKDAY(DATE(CalendarYear,8,23),1),"aaa") -> Tue | Z5: =TEXT(WEEKDAY(DATE(CalendarYear,8,24),1),"aaa") -> Wed | AA5: =TEXT(WEEKDAY(DATE(CalendarYear,8,25),1),"aaa") -> Thu | AB5: =TEXT(WEEKDAY(DATE(CalendarYear,8,26),1),"aaa") -> Fri | AC5: =TEXT(WEEKDAY(DATE(CalendarYear,8,27),1),"aaa") -> Sat | AD5: =TEXT(WEEKDAY(DATE(CalendarYear,8,28),1),"aaa") -> Sun | AE5: =TEXT(WEEKDAY(DATE(CalendarYear,8,29),1),"aaa") -> Mon | AF5: =TEXT(WEEKDAY(DATE(CalendarYear,8,30),1),"aaa") -> Tue | AG5: =TEXT(WEEKDAY(DATE(CalendarYear,8,31),1),"aaa") -> Wed
B6: Employee Name | C6: 1 | D6: 2 | E6: 3 | F6: 4 | G6: 5 | H6: 6 | I6: 7 | J6: 8 | K6: 9 | L6: 10 | M6: 11 | N6: 12 | O6: 13 | P6: 14 | Q6: 15 | R6: 16 | S6: 17 | T6: 18 | U6: 19 | V6: 20 | W6: 21 | X6: 22 | Y6: 23 | Z6: 24 | AA6: 25 | AB6: 26 | AC6: 27 | AD6: 28 | AE6: 29 | AF6: 30 | AG6: 31 | AH6: Total Days
B7: Employee 1 | C7: p | AH7: =COUNTA(August[[#This Row],[1]:[31]]) -> 1
B8: Employee 2 | Y8: v | Z8: v | AA8: v | AB8: v | AH8: =COUNTA(August[[#This Row],[1]:[31]]) -> 4
B9: Employee 3 | K9: p | L9: p | M9: p | AH9: =COUNTA(August[[#This Row],[1]:[31]]) -> 3
B10: Employee 4 | O10: v | Q10: v | R10: v | S10: s | AH10: =COUNTA(August[[#This Row],[1]:[31]]) -> 4
B11: Employee 5 | S11: p | T11: p | U11: p | AH11: =COUNTA(August[[#This Row],[1]:[31]]) -> 3
B12: =MonthName&" Total" -> August Total | C12: =SUBTOTAL(103,August[1]) -> 1 | D12: =SUBTOTAL(103,August[2]) -> 0 | E12: =SUBTOTAL(103,August[3]) -> 0 | F12: =SUBTOTAL(103,August[4]) -> 0 | G12: =SUBTOTAL(103,August[5]) -> 0 | H12: =SUBTOTAL(103,August[6]) -> 0 | I12: =SUBTOTAL(103,August[7]) -> 0 | J12: =SUBTOTAL(103,August[8]) -> 0 | K12: =SUBTOTAL(103,August[9]) -> 1 | L12: =SUBTOTAL(103,August[10]) -> 1 | M12: =SUBTOTAL(103,August[11]) -> 1 | N12: =SUBTOTAL(103,August[12]) -> 0 | O12: =SUBTOTAL(103,August[13]) -> 1 | P12: =SUBTOTAL(103,August[14]) -> 0 | Q12: =SUBTOTAL(103,August[15]) -> 1 | R12: =SUBTOTAL(103,August[16]) -> 1 | S12: =SUBTOTAL(103,August[17]) -> 2 | T12: =SUBTOTAL(103,August[18]) -> 1 | U12: =SUBTOTAL(103,August[19]) -> 1 | V12: =SUBTOTAL(103,August[20]) -> 0 | W12: =SUBTOTAL(103,August[21]) -> 0 | X12: =SUBTOTAL(103,August[22]) -> 0 | Y12: =SUBTOTAL(103,August[23]) -> 1 | Z12: =SUBTOTAL(103,August[24]) -> 1 | AA12: =SUBTOTAL(103,August[25]) -> 1 | AB12: =SUBTOTAL(103,August[26]) -> 1 | AC12: =SUBTOTAL(103,August[27]) -> 0 | AD12: =SUBTOTAL(103,August[28]) -> 0 | AE12: =SUBTOTAL(103,August[29]) -> 0 | AF12: =SUBTOTAL(109,August[30]) -> 0 | AG12: =SUBTOTAL(109,August[31]) -> 0 | AH12: =SUBTOTAL(109,August[Total Days]) -> 15

Sheet September
B1: =Employee_Absence_Title -> Employee Absence Schedule
B2: Absence Type Key | C2: V | D2: Vacation | G2: P | H2: Personal | K2: S | L2: Sick | O2: Custom 1 | S2: Custom 2
B4: September | C4: Dates of Absence | AH4: =CalendarYear -> 2016
C5: =TEXT(WEEKDAY(DATE(CalendarYear,9,1),1),"aaa") -> Thu | D5: =TEXT(WEEKDAY(DATE(CalendarYear,9,2),1),"aaa") -> Fri | E5: =TEXT(WEEKDAY(DATE(CalendarYear,9,3),1),"aaa") -> Sat | F5: =TEXT(WEEKDAY(DATE(CalendarYear,9,4),1),"aaa") -> Sun | G5: =TEXT(WEEKDAY(DATE(CalendarYear,9,5),1),"aaa") -> Mon | H5: =TEXT(WEEKDAY(DATE(CalendarYear,9,6),1),"aaa") -> Tue | I5: =TEXT(WEEKDAY(DATE(CalendarYear,9,7),1),"aaa") -> Wed | J5: =TEXT(WEEKDAY(DATE(CalendarYear,9,8),1),"aaa") -> Thu | K5: =TEXT(WEEKDAY(DATE(CalendarYear,9,9),1),"aaa") -> Fri | L5: =TEXT(WEEKDAY(DATE(CalendarYear,9,10),1),"aaa") -> Sat | M5: =TEXT(WEEKDAY(DATE(CalendarYear,9,11),1),"aaa") -> Sun | N5: =TEXT(WEEKDAY(DATE(CalendarYear,9,12),1),"aaa") -> Mon | O5: =TEXT(WEEKDAY(DATE(CalendarYear,9,13),1),"aaa") -> Tue | P5: =TEXT(WEEKDAY(DATE(CalendarYear,9,14),1),"aaa") -> Wed | Q5: =TEXT(WEEKDAY(DATE(CalendarYear,9,15),1),"aaa") -> Thu | R5: =TEXT(WEEKDAY(DATE(CalendarYear,9,16),1),"aaa") -> Fri | S5: =TEXT(WEEKDAY(DATE(CalendarYear,9,17),1),"aaa") -> Sat | T5: =TEXT(WEEKDAY(DATE(CalendarYear,9,18),1),"aaa") -> Sun | U5: =TEXT(WEEKDAY(DATE(CalendarYear,9,19),1),"aaa") -> Mon | V5: =TEXT(WEEKDAY(DATE(CalendarYear,9,20),1),"aaa") -> Tue | W5: =TEXT(WEEKDAY(DATE(CalendarYear,9,21),1),"aaa") -> Wed | X5: =TEXT(WEEKDAY(DATE(CalendarYear,9,22),1),"aaa") -> Thu | Y5: =TEXT(WEEKDAY(DATE(CalendarYear,9,23),1),"aaa") -> Fri | Z5: =TEXT(WEEKDAY(DATE(CalendarYear,9,24),1),"aaa") -> Sat | AA5: =TEXT(WEEKDAY(DATE(CalendarYear,9,25),1),"aaa") -> Sun | AB5: =TEXT(WEEKDAY(DATE(CalendarYear,9,26),1),"aaa") -> Mon | AC5: =TEXT(WEEKDAY(DATE(CalendarYear,9,27),1),"aaa") -> Tue | AD5: =TEXT(WEEKDAY(DATE(CalendarYear,9,28),1),"aaa") -> Wed | AE5: =TEXT(WEEKDAY(DATE(CalendarYear,9,29),1),"aaa") -> Thu | AF5: =TEXT(WEEKDAY(DATE(CalendarYear,9,30),1),"aaa") -> Fri
B6: Employee Name | C6: 1 | D6: 2 | E6: 3 | F6: 4 | G6: 5 | H6: 6 | I6: 7 | J6: 8 | K6: 9 | L6: 10 | M6: 11 | N6: 12 | O6: 13 | P6: 14 | Q6: 15 | R6: 16 | S6: 17 | T6: 18 | U6: 19 | V6: 20 | W6: 21 | X6: 22 | Y6: 23 | Z6: 24 | AA6: 25 | AB6: 26 | AC6: 27 | AD6: 28 | AE6: 29 | AF6: 30 | AG6: 31 | AH6: Total Days
B7: Employee 1 | I7: p | J7: p | K7: p | AH7: =COUNTA(September[[#This Row],[1]:[31]]) -> 3
B8: Employee 2 | N8: v | O8: v | P8: v | Q8: v | AC8: p | AD8: p | AH8: =COUNTA(September[[#This Row],[1]:[31]]) -> 6
B9: Employee 3 | C9: p | D9: s | E9: s | U9: p | V9: s | W9: s | AH9: =COUNTA(September[[#This Row],[1]:[31]]) -> 6
B10: Employee 4 | K10: s | L10: s | AD10: p | AE10: p | AH10: =COUNTA(September[[#This Row],[1]:[31]]) -> 4
B11: Employee 5 | Z11: p | AH11: =COUNTA(September[[#This Row],[1]:[31]]) -> 1
B12: =MonthName&" Total" -> September Total | C12: =SUBTOTAL(103,September[1]) -> 1 | D12: =SUBTOTAL(103,September[2]) -> 1 | E12: =SUBTOTAL(103,September[3]) -> 1 | F12: =SUBTOTAL(103,September[4]) -> 0 | G12: =SUBTOTAL(103,September[5]) -> 0 | H12: =SUBTOTAL(103,September[6]) -> 0 | I12: =SUBTOTAL(103,September[7]) -> 1 | J12: =SUBTOTAL(103,September[8]) -> 1 | K12: =SUBTOTAL(103,September[9]) -> 2 | L12: =SUBTOTAL(103,September[10]) -> 1 | M12: =SUBTOTAL(103,September[11]) -> 0 | N12: =SUBTOTAL(103,September[12]) -> 1 | O12: =SUBTOTAL(103,September[13]) -> 1 | P12: =SUBTOTAL(103,September[14]) -> 1 | Q12: =SUBTOTAL(103,September[15]) -> 1 | R12: =SUBTOTAL(103,September[16]) -> 0 | S12: =SUBTOTAL(103,September[17]) -> 0 | T12: =SUBTOTAL(103,September[18]) -> 0 | U12: =SUBTOTAL(103,September[19]) -> 1 | V12: =SUBTOTAL(103,September[20]) -> 1 | W12: =SUBTOTAL(103,September[21]) -> 1 | X12: =SUBTOTAL(103,September[22]) -> 0 | Y12: =SUBTOTAL(103,September[23]) -> 0 | Z12: =SUBTOTAL(103,September[24]) -> 1 | AA12: =SUBTOTAL(103,September[25]) -> 0 | AB12: =SUBTOTAL(103,September[26]) -> 0 | AC12: =SUBTOTAL(103,September[27]) -> 1 | AD12: =SUBTOTAL(103,September[28]) -> 2 | AE12: =SUBTOTAL(103,September[29]) -> 1 | AF12: =SUBTOTAL(109,September[30]) -> 0 | AG12: =SUBTOTAL(109,September[31]) -> 0 | AH12: =SUBTOTAL(109,September[Total Days]) -> 20

Sheet October
B1: =Employee_Absence_Title -> Employee Absence Schedule
B2: Absence Type Key | C2: V | D2: Vacation | G2: P | H2: Personal | K2: S | L2: Sick | O2: Custom 1 | S2: Custom 2
B4: October | C4: Dates of Absence | AH4: =CalendarYear -> 2016
C5: =TEXT(WEEKDAY(DATE(CalendarYear,10,1),1),"aaa") -> Sat | D5: =TEXT(WEEKDAY(DATE(CalendarYear,10,2),1),"aaa") -> Sun | E5: =TEXT(WEEKDAY(DATE(CalendarYear,10,3),1),"aaa") -> Mon | F5: =TEXT(WEEKDAY(DATE(CalendarYear,10,4),1),"aaa") -> Tue | G5: =TEXT(WEEKDAY(DATE(CalendarYear,10,5),1),"aaa") -> Wed | H5: =TEXT(WEEKDAY(DATE(CalendarYear,10,6),1),"aaa") -> Thu | I5: =TEXT(WEEKDAY(DATE(CalendarYear,10,7),1),"aaa") -> Fri | J5: =TEXT(WEEKDAY(DATE(CalendarYear,10,8),1),"aaa") -> Sat | K5: =TEXT(WEEKDAY(DATE(CalendarYear,10,9),1),"aaa") -> Sun | L5: =TEXT(WEEKDAY(DATE(CalendarYear,10,10),1),"aaa") -> Mon | M5: =TEXT(WEEKDAY(DATE(CalendarYear,10,11),1),"aaa") -> Tue | N5: =TEXT(WEEKDAY(DATE(CalendarYear,10,12),1),"aaa") -> Wed | O5: =TEXT(WEEKDAY(DATE(CalendarYear,10,13),1),"aaa") -> Thu | P5: =TEXT(WEEKDAY(DATE(CalendarYear,10,14),1),"aaa") -> Fri | Q5: =TEXT(WEEKDAY(DATE(CalendarYear,10,15),1),"aaa") -> Sat | R5: =TEXT(WEEKDAY(DATE(CalendarYear,10,16),1),"aaa") -> Sun | S5: =TEXT(WEEKDAY(DATE(CalendarYear,10,17),1),"aaa") -> Mon | T5: =TEXT(WEEKDAY(DATE(CalendarYear,10,18),1),"aaa") -> Tue | U5: =TEXT(WEEKDAY(DATE(CalendarYear,10,19),1),"aaa") -> Wed | V5: =TEXT(WEEKDAY(DATE(CalendarYear,10,20),1),"aaa") -> Thu | W5: =TEXT(WEEKDAY(DATE(CalendarYear,10,21),1),"aaa") -> Fri | X5: =TEXT(WEEKDAY(DATE(CalendarYear,10,22),1),"aaa") -> Sat | Y5: =TEXT(WEEKDAY(DATE(CalendarYear,10,23),1),"aaa") -> Sun | Z5: =TEXT(WEEKDAY(DATE(CalendarYear,10,24),1),"aaa") -> Mon | AA5: =TEXT(WEEKDAY(DATE(CalendarYear,10,25),1),"aaa") -> Tue | AB5: =TEXT(WEEKDAY(DATE(CalendarYear,10,26),1),"aaa") -> Wed | AC5: =TEXT(WEEKDAY(DATE(CalendarYear,10,27),1),"aaa") -> Thu | AD5: =TEXT(WEEKDAY(DATE(CalendarYear,10,28),1),"aaa") -> Fri | AE5: =TEXT(WEEKDAY(DATE(CalendarYear,10,29),1),"aaa") -> Sat | AF5: =TEXT(WEEKDAY(DATE(CalendarYear,10,30),1),"aaa") -> Sun | AG5: =TEXT(WEEKDAY(DATE(CalendarYear,10,31),1),"aaa") -> Mon
B6: Employee Name | C6: 1 | D6: 2 | E6: 3 | F6: 4 | G6: 5 | H6: 6 | I6: 7 | J6: 8 | K6: 9 | L6: 10 | M6: 11 | N6: 12 | O6: 13 | P6: 14 | Q6: 15 | R6: 16 | S6: 17 | T6: 18 | U6: 19 | V6: 20 | W6: 21 | X6: 22 | Y6: 23 | Z6: 24 | AA6: 25 | AB6: 26 | AC6: 27 | AD6: 28 | AE6: 29 | AF6: 30 | AG6: 31 | AH6: Total Days
B7: Employee 1 | C7: s | J7: p | P7: p | U7: p | AH7: =COUNTA(October[[#This Row],[1]:[31]]) -> 4
B8: Employee 2 | AC8: s | AD8: s | AE8: s | AH8: =COUNTA(October[[#This Row],[1]:[31]]) -> 3
B9: Employee 3 | G9: s | M9: v | N9: v | O9: v | P9: p | AH9: =COUNTA(October[[#This Row],[1]:[31]]) -> 5
B10: Employee 4 | U10: v | V10: v | W10: v | X10: v | AH10: =COUNTA(October[[#This Row],[1]:[31]]) -> 4
B11: Employee 5 | G11: p | H11: p | M11: s | AB11: p | AG11: s | AH11: =COUNTA(October[[#This Row],[1]:[31]]) -> 5
B12: =MonthName&" Total" -> October Total | C12: =SUBTOTAL(103,October[1]) -> 1 | D12: =SUBTOTAL(103,October[2]) -> 0 | E12: =SUBTOTAL(103,October[3]) -> 0 | F12: =SUBTOTAL(103,October[4]) -> 0 | G12: =SUBTOTAL(103,October[5]) -> 2 | H12: =SUBTOTAL(103,October[6]) -> 1 | I12: =SUBTOTAL(103,October[7]) -> 0 | J12: =SUBTOTAL(103,October[8]) -> 1 | K12: =SUBTOTAL(103,October[9]) -> 0 | L12: =SUBTOTAL(103,October[10]) -> 0 | M12: =SUBTOTAL(103,October[11]) -> 2 | N12: =SUBTOTAL(103,October[12]) -> 1 | O12: =SUBTOTAL(103,October[13]) -> 1 | P12: =SUBTOTAL(103,October[14]) -> 2 | Q12: =SUBTOTAL(103,October[15]) -> 0 | R12: =SUBTOTAL(103,October[16]) -> 0 | S12: =SUBTOTAL(103,October[17]) -> 0 | T12: =SUBTOTAL(103,October[18]) -> 0 | U12: =SUBTOTAL(103,October[19]) -> 2 | V12: =SUBTOTAL(103,October[20]) -> 1 | W12: =SUBTOTAL(103,October[21]) -> 1 | X12: =SUBTOTAL(103,October[22]) -> 1 | Y12: =SUBTOTAL(103,October[23]) -> 0 | Z12: =SUBTOTAL(103,October[24]) -> 0 | AA12: =SUBTOTAL(103,October[25]) -> 0 | AB12: =SUBTOTAL(103,October[26]) -> 1 | AC12: =SUBTOTAL(103,October[27]) -> 1 | AD12: =SUBTOTAL(103,October[28]) -> 1 | AE12: =SUBTOTAL(103,October[29]) -> 1 | AF12: =SUBTOTAL(109,October[30]) -> 0 | AG12: =SUBTOTAL(109,October[31]) -> 0 | AH12: =SUBTOTAL(109,October[Total Days]) -> 21

Sheet November
B1: =Employee_Absence_Title -> Employee Absence Schedule
B2: Absence Type Key | C2: V | D2: Vacation | G2: P | H2: Personal | K2: S | L2: Sick | O2: Custom 1 | S2: Custom 2
B4: November | C4: Dates of Absence | AH4: 2016
C5: =TEXT(WEEKDAY(DATE(CalendarYear,11,1),1),"aaa") -> Tue | D5: =TEXT(WEEKDAY(DATE(CalendarYear,11,2),1),"aaa") -> Wed | E5: =TEXT(WEEKDAY(DATE(CalendarYear,11,3),1),"aaa") -> Thu | F5: =TEXT(WEEKDAY(DATE(CalendarYear,11,4),1),"aaa") -> Fri | G5: =TEXT(WEEKDAY(DATE(CalendarYear,11,5),1),"aaa") -> Sat | H5: =TEXT(WEEKDAY(DATE(CalendarYear,11,6),1),"aaa") -> Sun | I5: =TEXT(WEEKDAY(DATE(CalendarYear,11,7),1),"aaa") -> Mon | J5: =TEXT(WEEKDAY(DATE(CalendarYear,11,8),1),"aaa") -> Tue | K5: =TEXT(WEEKDAY(DATE(CalendarYear,11,9),1),"aaa") -> Wed | L5: =TEXT(WEEKDAY(DATE(CalendarYear,11,10),1),"aaa") -> Thu | M5: =TEXT(WEEKDAY(DATE(CalendarYear,11,11),1),"aaa") -> Fri | N5: =TEXT(WEEKDAY(DATE(CalendarYear,11,12),1),"aaa") -> Sat | O5: =TEXT(WEEKDAY(DATE(CalendarYear,11,13),1),"aaa") -> Sun | P5: =TEXT(WEEKDAY(DATE(CalendarYear,11,14),1),"aaa") -> Mon | Q5: =TEXT(WEEKDAY(DATE(CalendarYear,11,15),1),"aaa") -> Tue | R5: =TEXT(WEEKDAY(DATE(CalendarYear,11,16),1),"aaa") -> Wed | S5: =TEXT(WEEKDAY(DATE(CalendarYear,11,17),1),"aaa") -> Thu | T5: =TEXT(WEEKDAY(DATE(CalendarYear,11,18),1),"aaa") -> Fri | U5: =TEXT(WEEKDAY(DATE(CalendarYear,11,19),1),"aaa") -> Sat | V5: =TEXT(WEEKDAY(DATE(CalendarYear,11,20),1),"aaa") -> Sun | W5: =TEXT(WEEKDAY(DATE(CalendarYear,11,21),1),"aaa") -> Mon | X5: =TEXT(WEEKDAY(DATE(CalendarYear,11,22),1),"aaa") -> Tue | Y5: =TEXT(WEEKDAY(DATE(CalendarYear,11,23),1),"aaa") -> Wed | Z5: =TEXT(WEEKDAY(DATE(CalendarYear,11,24),1),"aaa") -> Thu | AA5: =TEXT(WEEKDAY(DATE(CalendarYear,11,25),1),"aaa") -> Fri | AB5: =TEXT(WEEKDAY(DATE(CalendarYear,11,26),1),"aaa") -> Sat | AC5: =TEXT(WEEKDAY(DATE(CalendarYear,11,27),1),"aaa") -> Sun | AD5: =TEXT(WEEKDAY(DATE(CalendarYear,11,28),1),"aaa") -> Mon | AE5: =TEXT(WEEKDAY(DATE(CalendarYear,11,29),1),"aaa") -> Tue | AF5: =TEXT(WEEKDAY(DATE(CalendarYear,11,30),1),"aaa") -> Wed
B6: Employee Name | C6: 1 | D6: 2 | E6: 3 | F6: 4 | G6: 5 | H6: 6 | I6: 7 | J6: 8 | K6: 9 | L6: 10 | M6: 11 | N6: 12 | O6: 13 | P6: 14 | Q6: 15 | R6: 16 | S6: 17 | T6: 18 | U6: 19 | V6: 20 | W6: 21 | X6: 22 | Y6: 23 | Z6: 24 | AA6: 25 | AB6: 26 | AC6: 27 | AD6: 28 | AE6: 29 | AF6: 30 | AG6: 31 | AH6: Total Days
B7: Employee 1 | G7: s | AF7: s | AH7: =COUNTA(November[[#This Row],[1]:[31]]) -> 2
B8: Employee 2 | K8: p | W8: p | AH8: =COUNTA(November[[#This Row],[1]:[31]]) -> 2
B9: Employee 3 | G9: p | AG9: s | AH9: =COUNTA(November[[#This Row],[1]:[31]]) -> 2
B10: Employee 4 | D10: s | S10: p | T10: p | AH10: =COUNTA(November[[#This Row],[1]:[31]]) -> 3
B11: Employee 5 | Q11: v | R11: v | S11: v | T11: v | U11: s | W11: s | X11: s | AH11: =COUNTA(November[[#This Row],[1]:[31]]) -> 7
B12: =MonthName&" Total" -> November Total | C12: =SUBTOTAL(103,November[1]) -> 0 | D12: =SUBTOTAL(103,November[2]) -> 1 | E12: =SUBTOTAL(103,November[3]) -> 0 | F12: =SUBTOTAL(103,November[4]) -> 0 | G12: =SUBTOTAL(103,November[5]) -> 2 | H12: =SUBTOTAL(103,November[6]) -> 0 | I12: =SUBTOTAL(103,November[7]) -> 0 | J12: =SUBTOTAL(103,November[8]) -> 0 | K12: =SUBTOTAL(103,November[9]) -> 1 | L12: =SUBTOTAL(103,November[10]) -> 0 | M12: =SUBTOTAL(103,November[11]) -> 0 | N12: =SUBTOTAL(103,November[12]) -> 0 | O12: =SUBTOTAL(103,November[13]) -> 0 | P12: =SUBTOTAL(103,November[14]) -> 0 | Q12: =SUBTOTAL(103,November[15]) -> 1 | R12: =SUBTOTAL(103,November[16]) -> 1 | S12: =SUBTOTAL(103,November[17]) -> 2 | T12: =SUBTOTAL(103,November[18]) -> 2 | U12: =SUBTOTAL(103,November[19]) -> 1 | V12: =SUBTOTAL(103,November[20]) -> 0 | W12: =SUBTOTAL(103,November[21]) -> 2 | X12: =SUBTOTAL(103,November[22]) -> 1 | Y12: =SUBTOTAL(103,November[23]) -> 0 | Z12: =SUBTOTAL(103,November[24]) -> 0 | AA12: =SUBTOTAL(103,November[25]) -> 0 | AB12: =SUBTOTAL(103,November[26]) -> 0 | AC12: =SUBTOTAL(103,November[27]) -> 0 | AD12: =SUBTOTAL(103,November[28]) -> 0 | AE12: =SUBTOTAL(103,November[29]) -> 0 | AF12: =SUBTOTAL(109,November[30]) -> 0 | AG12: =SUBTOTAL(109,November[31]) -> 0 | AH12: =SUBTOTAL(109,November[Total Days]) -> 16

Sheet December
B1: =Employee_Absence_Title -> Employee Absence Schedule
B2: Absence Type Key | C2: V | D2: Vacation | G2: P | H2: Personal | K2: S | L2: Sick | O2: Custom 1 | S2: Custom 2
B4: December | C4: Dates of Absence | AH4: =CalendarYear -> 2016
C5: =TEXT(WEEKDAY(DATE(CalendarYear,12,1),1),"aaa") -> Thu | D5: =TEXT(WEEKDAY(DATE(CalendarYear,12,2),1),"aaa") -> Fri | E5: =TEXT(WEEKDAY(DATE(CalendarYear,12,3),1),"aaa") -> Sat | F5: =TEXT(WEEKDAY(DATE(CalendarYear,12,4),1),"aaa") -> Sun | G5: =TEXT(WEEKDAY(DATE(CalendarYear,12,5),1),"aaa") -> Mon | H5: =TEXT(WEEKDAY(DATE(CalendarYear,12,6),1),"aaa") -> Tue | I5: =TEXT(WEEKDAY(DATE(CalendarYear,12,7),1),"aaa") -> Wed | J5: =TEXT(WEEKDAY(DATE(CalendarYear,12,8),1),"aaa") -> Thu | K5: =TEXT(WEEKDAY(DATE(CalendarYear,12,9),1),"aaa") -> Fri | L5: =TEXT(WEEKDAY(DATE(CalendarYear,12,10),1),"aaa") -> Sat | M5: =TEXT(WEEKDAY(DATE(CalendarYear,12,11),1),"aaa") -> Sun | N5: =TEXT(WEEKDAY(DATE(CalendarYear,12,12),1),"aaa") -> Mon | O5: =TEXT(WEEKDAY(DATE(CalendarYear,12,13),1),"aaa") -> Tue | P5: =TEXT(WEEKDAY(DATE(CalendarYear,12,14),1),"aaa") -> Wed | Q5: =TEXT(WEEKDAY(DATE(CalendarYear,12,15),1),"aaa") -> Thu | R5: =TEXT(WEEKDAY(DATE(CalendarYear,12,16),1),"aaa") -> Fri | S5: =TEXT(WEEKDAY(DATE(CalendarYear,12,17),1),"aaa") -> Sat | T5: =TEXT(WEEKDAY(DATE(CalendarYear,12,18),1),"aaa") -> Sun | U5: =TEXT(WEEKDAY(DATE(CalendarYear,12,19),1),"aaa") -> Mon | V5: =TEXT(WEEKDAY(DATE(CalendarYear,12,20),1),"aaa") -> Tue | W5: =TEXT(WEEKDAY(DATE(CalendarYear,12,21),1),"aaa") -> Wed | X5: =TEXT(WEEKDAY(DATE(CalendarYear,12,22),1),"aaa") -> Thu | Y5: =TEXT(WEEKDAY(DATE(CalendarYear,12,23),1),"aaa") -> Fri | Z5: =TEXT(WEEKDAY(DATE(CalendarYear,12,24),1),"aaa") -> Sat | AA5: =TEXT(WEEKDAY(DATE(CalendarYear,12,25),1),"aaa") -> Sun | AB5: =TEXT(WEEKDAY(DATE(CalendarYear,12,26),1),"aaa") -> Mon | AC5: =TEXT(WEEKDAY(DATE(CalendarYear,12,27),1),"aaa") -> Tue | AD5: =TEXT(WEEKDAY(DATE(CalendarYear,12,28),1),"aaa") -> Wed | AE5: =TEXT(WEEKDAY(DATE(CalendarYear,12,29),1),"aaa") -> Thu | AF5: =TEXT(WEEKDAY(DATE(CalendarYear,12,30),1),"aaa") -> Fri | AG5: =TEXT(WEEKDAY(DATE(CalendarYear,12,31),1),"aaa") -> Sat
B6: Employee Name | C6: 1 | D6: 2 | E6: 3 | F6: 4 | G6: 5 | H6: 6 | I6: 7 | J6: 8 | K6: 9 | L6: 10 | M6: 11 | N6: 12 | O6: 13 | P6: 14 | Q6: 15 | R6: 16 | S6: 17 | T6: 18 | U6: 19 | V6: 20 | W6: 21 | X6: 22 | Y6: 23 | Z6: 24 | AA6: 25 | AB6: 26 | AC6: 27 | AD6: 28 | AE6: 29 | AF6: 30 | AG6: 31 | AH6: Total Days
B7: Employee 1 | AB7: v | AC7: v | AD7: v | AH7: =COUNTA(December[[#This Row],[1]:[31]]) -> 3
B8: Employee 2 | D8: s | P8: p | Q8: p | AH8: =COUNTA(December[[#This Row],[1]:[31]]) -> 3
B9: Employee 3 | C9: s | AC9: s | AD9: s | AE9: s | AF9: s | AH9: =COUNTA(December[[#This Row],[1]:[31]]) -> 5
B10: Employee 4 | E10: s | L10: p | N10: v | O10: v | U10: v | AE10: s | AH10: =COUNTA(December[[#This Row],[1]:[31]]) -> 6
B11: Employee 5 | E11: p | I11: s | Y11: p | Z11: p | AG11: p | AH11: =COUNTA(December[[#This Row],[1]:[31]]) -> 5
B12: =MonthName&" Total" -> December Total | C12: =SUBTOTAL(103,December[1]) -> 1 | D12: =SUBTOTAL(103,December[2]) -> 1 | E12: =SUBTOTAL(103,December[3]) -> 2 | F12: =SUBTOTAL(103,December[4]) -> 0 | G12: =SUBTOTAL(103,December[5]) -> 0 | H12: =SUBTOTAL(103,December[6]) -> 0 | I12: =SUBTOTAL(103,December[7]) -> 1 | J12: =SUBTOTAL(103,December[8]) -> 0 | K12: =SUBTOTAL(103,December[9]) -> 0 | L12: =SUBTOTAL(103,December[10]) -> 1 | M12: =SUBTOTAL(103,December[11]) -> 0 | N12: =SUBTOTAL(103,December[12]) -> 1 | O12: =SUBTOTAL(103,December[13]) -> 1 | P12: =SUBTOTAL(103,December[14]) -> 1 | Q12: =SUBTOTAL(103,December[15]) -> 1 | R12: =SUBTOTAL(103,December[16]) -> 0 | S12: =SUBTOTAL(103,December[17]) -> 0 | T12: =SUBTOTAL(103,December[18]) -> 0 | U12: =SUBTOTAL(103,December[19]) -> 1 | V12: =SUBTOTAL(103,December[20]) -> 0 | W12: =SUBTOTAL(103,December[21]) -> 0 | X12: =SUBTOTAL(103,December[22]) -> 0 | Y12: =SUBTOTAL(103,December[23]) -> 1 | Z12: =SUBTOTAL(103,December[24]) -> 1 | AA12: =SUBTOTAL(103,December[25]) -> 0 | AB12: =SUBTOTAL(103,December[26]) -> 1 | AC12: =SUBTOTAL(103,December[27]) -> 2 | AD12: =SUBTOTAL(103,December[28]) -> 2 | AE12: =SUBTOTAL(103,December[29]) -> 2 | AF12: =SUBTOTAL(109,December[30]) -> 0 | AG12: =SUBTOTAL(109,December[31]) -> 0 | AH12: =SUBTOTAL(109,December[Total Days]) -> 22

Sheet Employee Names
B1: Employee Names
B3: Employee Names
B4: Employee 1
B5: Employee 2
B6: Employee 3
B7: Employee 4
B8: Employee 5
